0.txt,How Participation in China¡¯s Poverty Alleviation Campaign Affected Firm Performance and Access to Credit
1.txt,Targeted Poverty Alleviation through Education: A Study of Myopia Among Rural Students in China and Prevention and Control Policy Recommendations
2.txt,Can China Sell the ¡°China Model¡± to a Global Audience?
3.txt,Policy Challenges from Demographic Change in China and India
4.txt,What Will Make Chinese Agriculture More Productive?
5.txt,Fiscal Politics and Central-Local Relations in China
6.txt,
7.txt,
8.txt,
9.txt,
10.txt,
11.txt,
12.txt,
13.txt,
14.txt,
15.txt,
16.txt,
17.txt,
18.txt,
19.txt,
20.txt,
21.txt,
22.txt,
23.txt,
24.txt,
25.txt,
26.txt,
27.txt,
28.txt,
29.txt,
30.txt,
31.txt,
32.txt,
33.txt,
